{
  "ABIRoot": {
    "kind": "Root",
    "name": "TopLevel",
    "printedName": "TopLevel",
    "children": [
      {
        "kind": "Import",
        "name": "Foundation",
        "printedName": "Foundation",
        "declKind": "Import",
        "moduleName": "IScribeAISDK",
        "declAttributes": [
          "RawDocComment"
        ]
      },
      {
        "kind": "TypeDecl",
        "name": "IScribeAI",
        "printedName": "IScribeAI",
        "children": [
          {
            "kind": "Var",
            "name": "shared",
            "printedName": "shared",
            "children": [
              {
                "kind": "TypeNominal",
                "name": "IScribeAI",
                "printedName": "IScribeAISDK.IScribeAI",
                "usr": "s:12IScribeAISDK0A2AIC"
              }
            ],
            "declKind": "Var",
            "usr": "s:12IScribeAISDK0A2AIC6sharedACvpZ",
            "mangledName": "$s12IScribeAISDK0A2AIC6sharedACvpZ",
            "moduleName": "IScribeAISDK",
            "static": true,
            "declAttributes": [
              "HasInitialValue",
              "Final",
              "HasStorage",
              "Custom",
              "AccessControl",
              "RawDocComment"
            ],
            "isLet": true,
            "hasStorage": true,
            "accessors": [
              {
                "kind": "Accessor",
                "name": "Get",
                "printedName": "Get()",
                "children": [
                  {
                    "kind": "TypeNominal",
                    "name": "IScribeAI",
                    "printedName": "IScribeAISDK.IScribeAI",
                    "usr": "s:12IScribeAISDK0A2AIC"
                  }
                ],
                "declKind": "Accessor",
                "usr": "s:12IScribeAISDK0A2AIC6sharedACvgZ",
                "mangledName": "$s12IScribeAISDK0A2AIC6sharedACvgZ",
                "moduleName": "IScribeAISDK",
                "static": true,
                "implicit": true,
                "declAttributes": [
                  "Final"
                ],
                "accessorKind": "get"
              }
            ]
          },
          {
            "kind": "Function",
            "name": "setUp",
            "printedName": "setUp(apiKey:)",
            "children": [
              {
                "kind": "TypeNominal",
                "name": "Void",
                "printedName": "()"
              },
              {
                "kind": "TypeNominal",
                "name": "String",
                "printedName": "Swift.String",
                "usr": "s:SS"
              }
            ],
            "declKind": "Func",
            "usr": "s:12IScribeAISDK0A2AIC5setUp6apiKeyySS_tF",
            "mangledName": "$s12IScribeAISDK0A2AIC5setUp6apiKeyySS_tF",
            "moduleName": "IScribeAISDK",
            "declAttributes": [
              "Custom",
              "Final",
              "AccessControl",
              "RawDocComment"
            ],
            "funcSelfKind": "NonMutating"
          },
          {
            "kind": "Function",
            "name": "createRecordingSession",
            "printedName": "createRecordingSession(sessionID:patientMetadata:)",
            "children": [
              {
                "kind": "TypeNominal",
                "name": "RecordingSession",
                "printedName": "IScribeAISDK.RecordingSession",
                "usr": "s:12IScribeAISDK16RecordingSessionV"
              },
              {
                "kind": "TypeNominal",
                "name": "String",
                "printedName": "Swift.String",
                "usr": "s:SS"
              },
              {
                "kind": "TypeNominal",
                "name": "PatientMetadata",
                "printedName": "IScribeAISDK.PatientMetadata",
                "usr": "s:12IScribeAISDK15PatientMetadataV"
              }
            ],
            "declKind": "Func",
            "usr": "s:12IScribeAISDK0A2AIC22createRecordingSession9sessionID15patientMetadataAA0eF0VSS_AA07PatientJ0VtKF",
            "mangledName": "$s12IScribeAISDK0A2AIC22createRecordingSession9sessionID15patientMetadataAA0eF0VSS_AA07PatientJ0VtKF",
            "moduleName": "IScribeAISDK",
            "declAttributes": [
              "Custom",
              "Final",
              "AccessControl",
              "RawDocComment"
            ],
            "throwing": true,
            "funcSelfKind": "NonMutating"
          },
          {
            "kind": "Function",
            "name": "startRecording",
            "printedName": "startRecording(session:)",
            "children": [
              {
                "kind": "TypeNominal",
                "name": "Void",
                "printedName": "()"
              },
              {
                "kind": "TypeNominal",
                "name": "RecordingSession",
                "printedName": "IScribeAISDK.RecordingSession",
                "usr": "s:12IScribeAISDK16RecordingSessionV"
              }
            ],
            "declKind": "Func",
            "usr": "s:12IScribeAISDK0A2AIC14startRecording7sessionyAA0E7SessionV_tYaKF",
            "mangledName": "$s12IScribeAISDK0A2AIC14startRecording7sessionyAA0E7SessionV_tYaKF",
            "moduleName": "IScribeAISDK",
            "declAttributes": [
              "Custom",
              "Final",
              "AccessControl"
            ],
            "throwing": true,
            "funcSelfKind": "NonMutating"
          },
          {
            "kind": "Function",
            "name": "stopRecording",
            "printedName": "stopRecording(session:)",
            "children": [
              {
                "kind": "TypeNominal",
                "name": "Void",
                "printedName": "()"
              },
              {
                "kind": "TypeNominal",
                "name": "RecordingSession",
                "printedName": "IScribeAISDK.RecordingSession",
                "usr": "s:12IScribeAISDK16RecordingSessionV"
              }
            ],
            "declKind": "Func",
            "usr": "s:12IScribeAISDK0A2AIC13stopRecording7sessionyAA0E7SessionV_tYaF",
            "mangledName": "$s12IScribeAISDK0A2AIC13stopRecording7sessionyAA0E7SessionV_tYaF",
            "moduleName": "IScribeAISDK",
            "declAttributes": [
              "Custom",
              "Final",
              "AccessControl"
            ],
            "funcSelfKind": "NonMutating"
          },
          {
            "kind": "Function",
            "name": "uploadRecording",
            "printedName": "uploadRecording(session:)",
            "children": [
              {
                "kind": "TypeNominal",
                "name": "Void",
                "printedName": "()"
              },
              {
                "kind": "TypeNominal",
                "name": "RecordingSession",
                "printedName": "IScribeAISDK.RecordingSession",
                "usr": "s:12IScribeAISDK16RecordingSessionV"
              }
            ],
            "declKind": "Func",
            "usr": "s:12IScribeAISDK0A2AIC15uploadRecording7sessionyAA0E7SessionV_tF",
            "mangledName": "$s12IScribeAISDK0A2AIC15uploadRecording7sessionyAA0E7SessionV_tF",
            "moduleName": "IScribeAISDK",
            "declAttributes": [
              "Custom",
              "Final",
              "AccessControl",
              "RawDocComment"
            ],
            "funcSelfKind": "NonMutating"
          },
          {
            "kind": "Function",
            "name": "uploadStatus",
            "printedName": "uploadStatus(forRecording:)",
            "children": [
              {
                "kind": "TypeNominal",
                "name": "UploadStatus",
                "printedName": "IScribeAISDK.UploadStatus",
                "usr": "s:12IScribeAISDK12UploadStatusO"
              },
              {
                "kind": "TypeNominal",
                "name": "RecordingSession",
                "printedName": "IScribeAISDK.RecordingSession",
                "usr": "s:12IScribeAISDK16RecordingSessionV"
              }
            ],
            "declKind": "Func",
            "usr": "s:12IScribeAISDK0A2AIC12uploadStatus12forRecordingAA06UploadE0OAA0G7SessionV_tF",
            "mangledName": "$s12IScribeAISDK0A2AIC12uploadStatus12forRecordingAA06UploadE0OAA0G7SessionV_tF",
            "moduleName": "IScribeAISDK",
            "declAttributes": [
              "Custom",
              "Final",
              "AccessControl"
            ],
            "funcSelfKind": "NonMutating"
          }
        ],
        "declKind": "Class",
        "usr": "s:12IScribeAISDK0A2AIC",
        "mangledName": "$s12IScribeAISDK0A2AIC",
        "moduleName": "IScribeAISDK",
        "declAttributes": [
          "Final",
          "AccessControl",
          "Custom"
        ],
        "hasMissingDesignatedInitializers": true,
        "conformances": [
          {
            "kind": "Conformance",
            "name": "Sendable",
            "printedName": "Sendable",
            "usr": "s:s8SendableP",
            "mangledName": "$ss8SendableP"
          }
        ]
      },
      {
        "kind": "TypeDecl",
        "name": "RecordingState",
        "printedName": "RecordingState",
        "children": [
          {
            "kind": "Var",
            "name": "notRecording",
            "printedName": "notRecording",
            "children": [
              {
                "kind": "TypeFunc",
                "name": "Function",
                "printedName": "(IScribeAISDK.RecordingState.Type) -> IScribeAISDK.RecordingState",
                "children": [
                  {
                    "kind": "TypeNominal",
                    "name": "RecordingState",
                    "printedName": "IScribeAISDK.RecordingState",
                    "usr": "s:12IScribeAISDK14RecordingStateO"
                  },
                  {
                    "kind": "TypeNominal",
                    "name": "Metatype",
                    "printedName": "IScribeAISDK.RecordingState.Type",
                    "children": [
                      {
                        "kind": "TypeNominal",
                        "name": "RecordingState",
                        "printedName": "IScribeAISDK.RecordingState",
                        "usr": "s:12IScribeAISDK14RecordingStateO"
                      }
                    ]
                  }
                ]
              }
            ],
            "declKind": "EnumElement",
            "usr": "s:12IScribeAISDK14RecordingStateO03notC0yA2CmF",
            "mangledName": "$s12IScribeAISDK14RecordingStateO03notC0yA2CmF",
            "moduleName": "IScribeAISDK"
          },
          {
            "kind": "Var",
            "name": "startingRecording",
            "printedName": "startingRecording",
            "children": [
              {
                "kind": "TypeFunc",
                "name": "Function",
                "printedName": "(IScribeAISDK.RecordingState.Type) -> IScribeAISDK.RecordingState",
                "children": [
                  {
                    "kind": "TypeNominal",
                    "name": "RecordingState",
                    "printedName": "IScribeAISDK.RecordingState",
                    "usr": "s:12IScribeAISDK14RecordingStateO"
                  },
                  {
                    "kind": "TypeNominal",
                    "name": "Metatype",
                    "printedName": "IScribeAISDK.RecordingState.Type",
                    "children": [
                      {
                        "kind": "TypeNominal",
                        "name": "RecordingState",
                        "printedName": "IScribeAISDK.RecordingState",
                        "usr": "s:12IScribeAISDK14RecordingStateO"
                      }
                    ]
                  }
                ]
              }
            ],
            "declKind": "EnumElement",
            "usr": "s:12IScribeAISDK14RecordingStateO08startingC0yA2CmF",
            "mangledName": "$s12IScribeAISDK14RecordingStateO08startingC0yA2CmF",
            "moduleName": "IScribeAISDK"
          },
          {
            "kind": "Var",
            "name": "recording",
            "printedName": "recording",
            "children": [
              {
                "kind": "TypeFunc",
                "name": "Function",
                "printedName": "(IScribeAISDK.RecordingState.Type) -> (IScribeAISDK.RecordingSession) -> IScribeAISDK.RecordingState",
                "children": [
                  {
                    "kind": "TypeFunc",
                    "name": "Function",
                    "printedName": "(IScribeAISDK.RecordingSession) -> IScribeAISDK.RecordingState",
                    "children": [
                      {
                        "kind": "TypeNominal",
                        "name": "RecordingState",
                        "printedName": "IScribeAISDK.RecordingState",
                        "usr": "s:12IScribeAISDK14RecordingStateO"
                      },
                      {
                        "kind": "TypeNominal",
                        "name": "Tuple",
                        "printedName": "(session: IScribeAISDK.RecordingSession)",
                        "children": [
                          {
                            "kind": "TypeNominal",
                            "name": "RecordingSession",
                            "printedName": "IScribeAISDK.RecordingSession",
                            "usr": "s:12IScribeAISDK16RecordingSessionV"
                          }
                        ]
                      }
                    ]
                  },
                  {
                    "kind": "TypeNominal",
                    "name": "Metatype",
                    "printedName": "IScribeAISDK.RecordingState.Type",
                    "children": [
                      {
                        "kind": "TypeNominal",
                        "name": "RecordingState",
                        "printedName": "IScribeAISDK.RecordingState",
                        "usr": "s:12IScribeAISDK14RecordingStateO"
                      }
                    ]
                  }
                ]
              }
            ],
            "declKind": "EnumElement",
            "usr": "s:12IScribeAISDK14RecordingStateO9recordingyAcA0C7SessionV_tcACmF",
            "mangledName": "$s12IScribeAISDK14RecordingStateO9recordingyAcA0C7SessionV_tcACmF",
            "moduleName": "IScribeAISDK"
          },
          {
            "kind": "Var",
            "name": "stoppingRecording",
            "printedName": "stoppingRecording",
            "children": [
              {
                "kind": "TypeFunc",
                "name": "Function",
                "printedName": "(IScribeAISDK.RecordingState.Type) -> IScribeAISDK.RecordingState",
                "children": [
                  {
                    "kind": "TypeNominal",
                    "name": "RecordingState",
                    "printedName": "IScribeAISDK.RecordingState",
                    "usr": "s:12IScribeAISDK14RecordingStateO"
                  },
                  {
                    "kind": "TypeNominal",
                    "name": "Metatype",
                    "printedName": "IScribeAISDK.RecordingState.Type",
                    "children": [
                      {
                        "kind": "TypeNominal",
                        "name": "RecordingState",
                        "printedName": "IScribeAISDK.RecordingState",
                        "usr": "s:12IScribeAISDK14RecordingStateO"
                      }
                    ]
                  }
                ]
              }
            ],
            "declKind": "EnumElement",
            "usr": "s:12IScribeAISDK14RecordingStateO08stoppingC0yA2CmF",
            "mangledName": "$s12IScribeAISDK14RecordingStateO08stoppingC0yA2CmF",
            "moduleName": "IScribeAISDK"
          },
          {
            "kind": "Function",
            "name": "==",
            "printedName": "==(_:_:)",
            "children": [
              {
                "kind": "TypeNominal",
                "name": "Bool",
                "printedName": "Swift.Bool",
                "usr": "s:Sb"
              },
              {
                "kind": "TypeNominal",
                "name": "RecordingState",
                "printedName": "IScribeAISDK.RecordingState",
                "usr": "s:12IScribeAISDK14RecordingStateO"
              },
              {
                "kind": "TypeNominal",
                "name": "RecordingState",
                "printedName": "IScribeAISDK.RecordingState",
                "usr": "s:12IScribeAISDK14RecordingStateO"
              }
            ],
            "declKind": "Func",
            "usr": "s:12IScribeAISDK14RecordingStateO2eeoiySbAC_ACtFZ",
            "mangledName": "$s12IScribeAISDK14RecordingStateO2eeoiySbAC_ACtFZ",
            "moduleName": "IScribeAISDK",
            "static": true,
            "declAttributes": [
              "AccessControl"
            ],
            "funcSelfKind": "NonMutating"
          }
        ],
        "declKind": "Enum",
        "usr": "s:12IScribeAISDK14RecordingStateO",
        "mangledName": "$s12IScribeAISDK14RecordingStateO",
        "moduleName": "IScribeAISDK",
        "declAttributes": [
          "AccessControl"
        ],
        "conformances": [
          {
            "kind": "Conformance",
            "name": "Equatable",
            "printedName": "Equatable",
            "usr": "s:SQ",
            "mangledName": "$sSQ"
          }
        ]
      },
      {
        "kind": "TypeDecl",
        "name": "IScribeAIError",
        "printedName": "IScribeAIError",
        "children": [
          {
            "kind": "Var",
            "name": "sdkNotSetUp",
            "printedName": "sdkNotSetUp",
            "children": [
              {
                "kind": "TypeFunc",
                "name": "Function",
                "printedName": "(IScribeAISDK.IScribeAIError.Type) -> IScribeAISDK.IScribeAIError",
                "children": [
                  {
                    "kind": "TypeNominal",
                    "name": "IScribeAIError",
                    "printedName": "IScribeAISDK.IScribeAIError",
                    "usr": "s:12IScribeAISDK0A7AIErrorO"
                  },
                  {
                    "kind": "TypeNominal",
                    "name": "Metatype",
                    "printedName": "IScribeAISDK.IScribeAIError.Type",
                    "children": [
                      {
                        "kind": "TypeNominal",
                        "name": "IScribeAIError",
                        "printedName": "IScribeAISDK.IScribeAIError",
                        "usr": "s:12IScribeAISDK0A7AIErrorO"
                      }
                    ]
                  }
                ]
              }
            ],
            "declKind": "EnumElement",
            "usr": "s:12IScribeAISDK0A7AIErrorO11sdkNotSetUpyA2CmF",
            "mangledName": "$s12IScribeAISDK0A7AIErrorO11sdkNotSetUpyA2CmF",
            "moduleName": "IScribeAISDK"
          },
          {
            "kind": "Function",
            "name": "==",
            "printedName": "==(_:_:)",
            "children": [
              {
                "kind": "TypeNominal",
                "name": "Bool",
                "printedName": "Swift.Bool",
                "usr": "s:Sb"
              },
              {
                "kind": "TypeNominal",
                "name": "IScribeAIError",
                "printedName": "IScribeAISDK.IScribeAIError",
                "usr": "s:12IScribeAISDK0A7AIErrorO"
              },
              {
                "kind": "TypeNominal",
                "name": "IScribeAIError",
                "printedName": "IScribeAISDK.IScribeAIError",
                "usr": "s:12IScribeAISDK0A7AIErrorO"
              }
            ],
            "declKind": "Func",
            "usr": "s:12IScribeAISDK0A7AIErrorO2eeoiySbAC_ACtFZ",
            "mangledName": "$s12IScribeAISDK0A7AIErrorO2eeoiySbAC_ACtFZ",
            "moduleName": "IScribeAISDK",
            "static": true,
            "implicit": true,
            "funcSelfKind": "NonMutating"
          },
          {
            "kind": "Var",
            "name": "hashValue",
            "printedName": "hashValue",
            "children": [
              {
                "kind": "TypeNominal",
                "name": "Int",
                "printedName": "Swift.Int",
                "usr": "s:Si"
              }
            ],
            "declKind": "Var",
            "usr": "s:12IScribeAISDK0A7AIErrorO9hashValueSivp",
            "mangledName": "$s12IScribeAISDK0A7AIErrorO9hashValueSivp",
            "moduleName": "IScribeAISDK",
            "implicit": true,
            "accessors": [
              {
                "kind": "Accessor",
                "name": "Get",
                "printedName": "Get()",
                "children": [
                  {
                    "kind": "TypeNominal",
                    "name": "Int",
                    "printedName": "Swift.Int",
                    "usr": "s:Si"
                  }
                ],
                "declKind": "Accessor",
                "usr": "s:12IScribeAISDK0A7AIErrorO9hashValueSivg",
                "mangledName": "$s12IScribeAISDK0A7AIErrorO9hashValueSivg",
                "moduleName": "IScribeAISDK",
                "implicit": true,
                "accessorKind": "get"
              }
            ]
          },
          {
            "kind": "Function",
            "name": "hash",
            "printedName": "hash(into:)",
            "children": [
              {
                "kind": "TypeNominal",
                "name": "Void",
                "printedName": "()"
              },
              {
                "kind": "TypeNominal",
                "name": "Hasher",
                "printedName": "Swift.Hasher",
                "paramValueOwnership": "InOut",
                "usr": "s:s6HasherV"
              }
            ],
            "declKind": "Func",
            "usr": "s:12IScribeAISDK0A7AIErrorO4hash4intoys6HasherVz_tF",
            "mangledName": "$s12IScribeAISDK0A7AIErrorO4hash4intoys6HasherVz_tF",
            "moduleName": "IScribeAISDK",
            "implicit": true,
            "funcSelfKind": "NonMutating"
          }
        ],
        "declKind": "Enum",
        "usr": "s:12IScribeAISDK0A7AIErrorO",
        "mangledName": "$s12IScribeAISDK0A7AIErrorO",
        "moduleName": "IScribeAISDK",
        "declAttributes": [
          "AccessControl"
        ],
        "conformances": [
          {
            "kind": "Conformance",
            "name": "Equatable",
            "printedName": "Equatable",
            "usr": "s:SQ",
            "mangledName": "$sSQ"
          },
          {
            "kind": "Conformance",
            "name": "Hashable",
            "printedName": "Hashable",
            "usr": "s:SH",
            "mangledName": "$sSH"
          },
          {
            "kind": "Conformance",
            "name": "Error",
            "printedName": "Error",
            "usr": "s:s5ErrorP",
            "mangledName": "$ss5ErrorP"
          },
          {
            "kind": "Conformance",
            "name": "Sendable",
            "printedName": "Sendable",
            "usr": "s:s8SendableP",
            "mangledName": "$ss8SendableP"
          }
        ]
      },
      {
        "kind": "TypeDecl",
        "name": "RecordingSessionCreationError",
        "printedName": "RecordingSessionCreationError",
        "children": [
          {
            "kind": "Var",
            "name": "sessionAlreadyExists",
            "printedName": "sessionAlreadyExists",
            "children": [
              {
                "kind": "TypeFunc",
                "name": "Function",
                "printedName": "(IScribeAISDK.RecordingSessionCreationError.Type) -> IScribeAISDK.RecordingSessionCreationError",
                "children": [
                  {
                    "kind": "TypeNominal",
                    "name": "RecordingSessionCreationError",
                    "printedName": "IScribeAISDK.RecordingSessionCreationError",
                    "usr": "s:12IScribeAISDK29RecordingSessionCreationErrorO"
                  },
                  {
                    "kind": "TypeNominal",
                    "name": "Metatype",
                    "printedName": "IScribeAISDK.RecordingSessionCreationError.Type",
                    "children": [
                      {
                        "kind": "TypeNominal",
                        "name": "RecordingSessionCreationError",
                        "printedName": "IScribeAISDK.RecordingSessionCreationError",
                        "usr": "s:12IScribeAISDK29RecordingSessionCreationErrorO"
                      }
                    ]
                  }
                ]
              }
            ],
            "declKind": "EnumElement",
            "usr": "s:12IScribeAISDK29RecordingSessionCreationErrorO20sessionAlreadyExistsyA2CmF",
            "mangledName": "$s12IScribeAISDK29RecordingSessionCreationErrorO20sessionAlreadyExistsyA2CmF",
            "moduleName": "IScribeAISDK"
          },
          {
            "kind": "Function",
            "name": "==",
            "printedName": "==(_:_:)",
            "children": [
              {
                "kind": "TypeNominal",
                "name": "Bool",
                "printedName": "Swift.Bool",
                "usr": "s:Sb"
              },
              {
                "kind": "TypeNominal",
                "name": "RecordingSessionCreationError",
                "printedName": "IScribeAISDK.RecordingSessionCreationError",
                "usr": "s:12IScribeAISDK29RecordingSessionCreationErrorO"
              },
              {
                "kind": "TypeNominal",
                "name": "RecordingSessionCreationError",
                "printedName": "IScribeAISDK.RecordingSessionCreationError",
                "usr": "s:12IScribeAISDK29RecordingSessionCreationErrorO"
              }
            ],
            "declKind": "Func",
            "usr": "s:12IScribeAISDK29RecordingSessionCreationErrorO2eeoiySbAC_ACtFZ",
            "mangledName": "$s12IScribeAISDK29RecordingSessionCreationErrorO2eeoiySbAC_ACtFZ",
            "moduleName": "IScribeAISDK",
            "static": true,
            "implicit": true,
            "funcSelfKind": "NonMutating"
          },
          {
            "kind": "Var",
            "name": "hashValue",
            "printedName": "hashValue",
            "children": [
              {
                "kind": "TypeNominal",
                "name": "Int",
                "printedName": "Swift.Int",
                "usr": "s:Si"
              }
            ],
            "declKind": "Var",
            "usr": "s:12IScribeAISDK29RecordingSessionCreationErrorO9hashValueSivp",
            "mangledName": "$s12IScribeAISDK29RecordingSessionCreationErrorO9hashValueSivp",
            "moduleName": "IScribeAISDK",
            "implicit": true,
            "accessors": [
              {
                "kind": "Accessor",
                "name": "Get",
                "printedName": "Get()",
                "children": [
                  {
                    "kind": "TypeNominal",
                    "name": "Int",
                    "printedName": "Swift.Int",
                    "usr": "s:Si"
                  }
                ],
                "declKind": "Accessor",
                "usr": "s:12IScribeAISDK29RecordingSessionCreationErrorO9hashValueSivg",
                "mangledName": "$s12IScribeAISDK29RecordingSessionCreationErrorO9hashValueSivg",
                "moduleName": "IScribeAISDK",
                "implicit": true,
                "accessorKind": "get"
              }
            ]
          },
          {
            "kind": "Function",
            "name": "hash",
            "printedName": "hash(into:)",
            "children": [
              {
                "kind": "TypeNominal",
                "name": "Void",
                "printedName": "()"
              },
              {
                "kind": "TypeNominal",
                "name": "Hasher",
                "printedName": "Swift.Hasher",
                "paramValueOwnership": "InOut",
                "usr": "s:s6HasherV"
              }
            ],
            "declKind": "Func",
            "usr": "s:12IScribeAISDK29RecordingSessionCreationErrorO4hash4intoys6HasherVz_tF",
            "mangledName": "$s12IScribeAISDK29RecordingSessionCreationErrorO4hash4intoys6HasherVz_tF",
            "moduleName": "IScribeAISDK",
            "implicit": true,
            "funcSelfKind": "NonMutating"
          }
        ],
        "declKind": "Enum",
        "usr": "s:12IScribeAISDK29RecordingSessionCreationErrorO",
        "mangledName": "$s12IScribeAISDK29RecordingSessionCreationErrorO",
        "moduleName": "IScribeAISDK",
        "declAttributes": [
          "AccessControl"
        ],
        "conformances": [
          {
            "kind": "Conformance",
            "name": "Equatable",
            "printedName": "Equatable",
            "usr": "s:SQ",
            "mangledName": "$sSQ"
          },
          {
            "kind": "Conformance",
            "name": "Hashable",
            "printedName": "Hashable",
            "usr": "s:SH",
            "mangledName": "$sSH"
          },
          {
            "kind": "Conformance",
            "name": "Error",
            "printedName": "Error",
            "usr": "s:s5ErrorP",
            "mangledName": "$ss5ErrorP"
          },
          {
            "kind": "Conformance",
            "name": "Sendable",
            "printedName": "Sendable",
            "usr": "s:s8SendableP",
            "mangledName": "$ss8SendableP"
          }
        ]
      },
      {
        "kind": "TypeDecl",
        "name": "StartRecordingError",
        "printedName": "StartRecordingError",
        "children": [
          {
            "kind": "Var",
            "name": "userDeniedMicrophonePermission",
            "printedName": "userDeniedMicrophonePermission",
            "children": [
              {
                "kind": "TypeFunc",
                "name": "Function",
                "printedName": "(IScribeAISDK.StartRecordingError.Type) -> IScribeAISDK.StartRecordingError",
                "children": [
                  {
                    "kind": "TypeNominal",
                    "name": "StartRecordingError",
                    "printedName": "IScribeAISDK.StartRecordingError",
                    "usr": "s:12IScribeAISDK19StartRecordingErrorO"
                  },
                  {
                    "kind": "TypeNominal",
                    "name": "Metatype",
                    "printedName": "IScribeAISDK.StartRecordingError.Type",
                    "children": [
                      {
                        "kind": "TypeNominal",
                        "name": "StartRecordingError",
                        "printedName": "IScribeAISDK.StartRecordingError",
                        "usr": "s:12IScribeAISDK19StartRecordingErrorO"
                      }
                    ]
                  }
                ]
              }
            ],
            "declKind": "EnumElement",
            "usr": "s:12IScribeAISDK19StartRecordingErrorO30userDeniedMicrophonePermissionyA2CmF",
            "mangledName": "$s12IScribeAISDK19StartRecordingErrorO30userDeniedMicrophonePermissionyA2CmF",
            "moduleName": "IScribeAISDK"
          },
          {
            "kind": "Var",
            "name": "notReadyToRecord",
            "printedName": "notReadyToRecord",
            "children": [
              {
                "kind": "TypeFunc",
                "name": "Function",
                "printedName": "(IScribeAISDK.StartRecordingError.Type) -> IScribeAISDK.StartRecordingError",
                "children": [
                  {
                    "kind": "TypeNominal",
                    "name": "StartRecordingError",
                    "printedName": "IScribeAISDK.StartRecordingError",
                    "usr": "s:12IScribeAISDK19StartRecordingErrorO"
                  },
                  {
                    "kind": "TypeNominal",
                    "name": "Metatype",
                    "printedName": "IScribeAISDK.StartRecordingError.Type",
                    "children": [
                      {
                        "kind": "TypeNominal",
                        "name": "StartRecordingError",
                        "printedName": "IScribeAISDK.StartRecordingError",
                        "usr": "s:12IScribeAISDK19StartRecordingErrorO"
                      }
                    ]
                  }
                ]
              }
            ],
            "declKind": "EnumElement",
            "usr": "s:12IScribeAISDK19StartRecordingErrorO16notReadyToRecordyA2CmF",
            "mangledName": "$s12IScribeAISDK19StartRecordingErrorO16notReadyToRecordyA2CmF",
            "moduleName": "IScribeAISDK"
          },
          {
            "kind": "Function",
            "name": "==",
            "printedName": "==(_:_:)",
            "children": [
              {
                "kind": "TypeNominal",
                "name": "Bool",
                "printedName": "Swift.Bool",
                "usr": "s:Sb"
              },
              {
                "kind": "TypeNominal",
                "name": "StartRecordingError",
                "printedName": "IScribeAISDK.StartRecordingError",
                "usr": "s:12IScribeAISDK19StartRecordingErrorO"
              },
              {
                "kind": "TypeNominal",
                "name": "StartRecordingError",
                "printedName": "IScribeAISDK.StartRecordingError",
                "usr": "s:12IScribeAISDK19StartRecordingErrorO"
              }
            ],
            "declKind": "Func",
            "usr": "s:12IScribeAISDK19StartRecordingErrorO2eeoiySbAC_ACtFZ",
            "mangledName": "$s12IScribeAISDK19StartRecordingErrorO2eeoiySbAC_ACtFZ",
            "moduleName": "IScribeAISDK",
            "static": true,
            "implicit": true,
            "funcSelfKind": "NonMutating"
          },
          {
            "kind": "Var",
            "name": "hashValue",
            "printedName": "hashValue",
            "children": [
              {
                "kind": "TypeNominal",
                "name": "Int",
                "printedName": "Swift.Int",
                "usr": "s:Si"
              }
            ],
            "declKind": "Var",
            "usr": "s:12IScribeAISDK19StartRecordingErrorO9hashValueSivp",
            "mangledName": "$s12IScribeAISDK19StartRecordingErrorO9hashValueSivp",
            "moduleName": "IScribeAISDK",
            "implicit": true,
            "accessors": [
              {
                "kind": "Accessor",
                "name": "Get",
                "printedName": "Get()",
                "children": [
                  {
                    "kind": "TypeNominal",
                    "name": "Int",
                    "printedName": "Swift.Int",
                    "usr": "s:Si"
                  }
                ],
                "declKind": "Accessor",
                "usr": "s:12IScribeAISDK19StartRecordingErrorO9hashValueSivg",
                "mangledName": "$s12IScribeAISDK19StartRecordingErrorO9hashValueSivg",
                "moduleName": "IScribeAISDK",
                "implicit": true,
                "accessorKind": "get"
              }
            ]
          },
          {
            "kind": "Function",
            "name": "hash",
            "printedName": "hash(into:)",
            "children": [
              {
                "kind": "TypeNominal",
                "name": "Void",
                "printedName": "()"
              },
              {
                "kind": "TypeNominal",
                "name": "Hasher",
                "printedName": "Swift.Hasher",
                "paramValueOwnership": "InOut",
                "usr": "s:s6HasherV"
              }
            ],
            "declKind": "Func",
            "usr": "s:12IScribeAISDK19StartRecordingErrorO4hash4intoys6HasherVz_tF",
            "mangledName": "$s12IScribeAISDK19StartRecordingErrorO4hash4intoys6HasherVz_tF",
            "moduleName": "IScribeAISDK",
            "implicit": true,
            "funcSelfKind": "NonMutating"
          }
        ],
        "declKind": "Enum",
        "usr": "s:12IScribeAISDK19StartRecordingErrorO",
        "mangledName": "$s12IScribeAISDK19StartRecordingErrorO",
        "moduleName": "IScribeAISDK",
        "declAttributes": [
          "AccessControl"
        ],
        "conformances": [
          {
            "kind": "Conformance",
            "name": "Equatable",
            "printedName": "Equatable",
            "usr": "s:SQ",
            "mangledName": "$sSQ"
          },
          {
            "kind": "Conformance",
            "name": "Hashable",
            "printedName": "Hashable",
            "usr": "s:SH",
            "mangledName": "$sSH"
          },
          {
            "kind": "Conformance",
            "name": "Error",
            "printedName": "Error",
            "usr": "s:s5ErrorP",
            "mangledName": "$ss5ErrorP"
          },
          {
            "kind": "Conformance",
            "name": "Sendable",
            "printedName": "Sendable",
            "usr": "s:s8SendableP",
            "mangledName": "$ss8SendableP"
          }
        ]
      },
      {
        "kind": "TypeDecl",
        "name": "PatientMetadata",
        "printedName": "PatientMetadata",
        "children": [
          {
            "kind": "Constructor",
            "name": "init",
            "printedName": "init(from:)",
            "children": [
              {
                "kind": "TypeNominal",
                "name": "PatientMetadata",
                "printedName": "IScribeAISDK.PatientMetadata",
                "usr": "s:12IScribeAISDK15PatientMetadataV"
              },
              {
                "kind": "TypeNominal",
                "name": "Decoder",
                "printedName": "any Swift.Decoder",
                "usr": "s:s7DecoderP"
              }
            ],
            "declKind": "Constructor",
            "usr": "s:12IScribeAISDK15PatientMetadataV4fromACs7Decoder_p_tKcfc",
            "mangledName": "$s12IScribeAISDK15PatientMetadataV4fromACs7Decoder_p_tKcfc",
            "moduleName": "IScribeAISDK",
            "implicit": true,
            "throwing": true,
            "init_kind": "Designated"
          },
          {
            "kind": "Function",
            "name": "encode",
            "printedName": "encode(to:)",
            "children": [
              {
                "kind": "TypeNominal",
                "name": "Void",
                "printedName": "()"
              },
              {
                "kind": "TypeNominal",
                "name": "Encoder",
                "printedName": "any Swift.Encoder",
                "usr": "s:s7EncoderP"
              }
            ],
            "declKind": "Func",
            "usr": "s:12IScribeAISDK15PatientMetadataV6encode2toys7Encoder_p_tKF",
            "mangledName": "$s12IScribeAISDK15PatientMetadataV6encode2toys7Encoder_p_tKF",
            "moduleName": "IScribeAISDK",
            "implicit": true,
            "throwing": true,
            "funcSelfKind": "NonMutating"
          }
        ],
        "declKind": "Struct",
        "usr": "s:12IScribeAISDK15PatientMetadataV",
        "mangledName": "$s12IScribeAISDK15PatientMetadataV",
        "moduleName": "IScribeAISDK",
        "declAttributes": [
          "AccessControl"
        ],
        "conformances": [
          {
            "kind": "Conformance",
            "name": "Decodable",
            "printedName": "Decodable",
            "usr": "s:Se",
            "mangledName": "$sSe"
          },
          {
            "kind": "Conformance",
            "name": "Encodable",
            "printedName": "Encodable",
            "usr": "s:SE",
            "mangledName": "$sSE"
          }
        ]
      },
      {
        "kind": "TypeDecl",
        "name": "UploadStatus",
        "printedName": "UploadStatus",
        "children": [
          {
            "kind": "Var",
            "name": "notUploaded",
            "printedName": "notUploaded",
            "children": [
              {
                "kind": "TypeFunc",
                "name": "Function",
                "printedName": "(IScribeAISDK.UploadStatus.Type) -> IScribeAISDK.UploadStatus",
                "children": [
                  {
                    "kind": "TypeNominal",
                    "name": "UploadStatus",
                    "printedName": "IScribeAISDK.UploadStatus",
                    "usr": "s:12IScribeAISDK12UploadStatusO"
                  },
                  {
                    "kind": "TypeNominal",
                    "name": "Metatype",
                    "printedName": "IScribeAISDK.UploadStatus.Type",
                    "children": [
                      {
                        "kind": "TypeNominal",
                        "name": "UploadStatus",
                        "printedName": "IScribeAISDK.UploadStatus",
                        "usr": "s:12IScribeAISDK12UploadStatusO"
                      }
                    ]
                  }
                ]
              }
            ],
            "declKind": "EnumElement",
            "usr": "s:12IScribeAISDK12UploadStatusO11notUploadedyA2CmF",
            "mangledName": "$s12IScribeAISDK12UploadStatusO11notUploadedyA2CmF",
            "moduleName": "IScribeAISDK"
          },
          {
            "kind": "Var",
            "name": "uploading",
            "printedName": "uploading",
            "children": [
              {
                "kind": "TypeFunc",
                "name": "Function",
                "printedName": "(IScribeAISDK.UploadStatus.Type) -> IScribeAISDK.UploadStatus",
                "children": [
                  {
                    "kind": "TypeNominal",
                    "name": "UploadStatus",
                    "printedName": "IScribeAISDK.UploadStatus",
                    "usr": "s:12IScribeAISDK12UploadStatusO"
                  },
                  {
                    "kind": "TypeNominal",
                    "name": "Metatype",
                    "printedName": "IScribeAISDK.UploadStatus.Type",
                    "children": [
                      {
                        "kind": "TypeNominal",
                        "name": "UploadStatus",
                        "printedName": "IScribeAISDK.UploadStatus",
                        "usr": "s:12IScribeAISDK12UploadStatusO"
                      }
                    ]
                  }
                ]
              }
            ],
            "declKind": "EnumElement",
            "usr": "s:12IScribeAISDK12UploadStatusO9uploadingyA2CmF",
            "mangledName": "$s12IScribeAISDK12UploadStatusO9uploadingyA2CmF",
            "moduleName": "IScribeAISDK"
          },
          {
            "kind": "Var",
            "name": "uploaded",
            "printedName": "uploaded",
            "children": [
              {
                "kind": "TypeFunc",
                "name": "Function",
                "printedName": "(IScribeAISDK.UploadStatus.Type) -> IScribeAISDK.UploadStatus",
                "children": [
                  {
                    "kind": "TypeNominal",
                    "name": "UploadStatus",
                    "printedName": "IScribeAISDK.UploadStatus",
                    "usr": "s:12IScribeAISDK12UploadStatusO"
                  },
                  {
                    "kind": "TypeNominal",
                    "name": "Metatype",
                    "printedName": "IScribeAISDK.UploadStatus.Type",
                    "children": [
                      {
                        "kind": "TypeNominal",
                        "name": "UploadStatus",
                        "printedName": "IScribeAISDK.UploadStatus",
                        "usr": "s:12IScribeAISDK12UploadStatusO"
                      }
                    ]
                  }
                ]
              }
            ],
            "declKind": "EnumElement",
            "usr": "s:12IScribeAISDK12UploadStatusO8uploadedyA2CmF",
            "mangledName": "$s12IScribeAISDK12UploadStatusO8uploadedyA2CmF",
            "moduleName": "IScribeAISDK"
          },
          {
            "kind": "Function",
            "name": "==",
            "printedName": "==(_:_:)",
            "children": [
              {
                "kind": "TypeNominal",
                "name": "Bool",
                "printedName": "Swift.Bool",
                "usr": "s:Sb"
              },
              {
                "kind": "TypeNominal",
                "name": "UploadStatus",
                "printedName": "IScribeAISDK.UploadStatus",
                "usr": "s:12IScribeAISDK12UploadStatusO"
              },
              {
                "kind": "TypeNominal",
                "name": "UploadStatus",
                "printedName": "IScribeAISDK.UploadStatus",
                "usr": "s:12IScribeAISDK12UploadStatusO"
              }
            ],
            "declKind": "Func",
            "usr": "s:12IScribeAISDK12UploadStatusO2eeoiySbAC_ACtFZ",
            "mangledName": "$s12IScribeAISDK12UploadStatusO2eeoiySbAC_ACtFZ",
            "moduleName": "IScribeAISDK",
            "static": true,
            "implicit": true,
            "funcSelfKind": "NonMutating"
          },
          {
            "kind": "Var",
            "name": "hashValue",
            "printedName": "hashValue",
            "children": [
              {
                "kind": "TypeNominal",
                "name": "Int",
                "printedName": "Swift.Int",
                "usr": "s:Si"
              }
            ],
            "declKind": "Var",
            "usr": "s:12IScribeAISDK12UploadStatusO9hashValueSivp",
            "mangledName": "$s12IScribeAISDK12UploadStatusO9hashValueSivp",
            "moduleName": "IScribeAISDK",
            "implicit": true,
            "accessors": [
              {
                "kind": "Accessor",
                "name": "Get",
                "printedName": "Get()",
                "children": [
                  {
                    "kind": "TypeNominal",
                    "name": "Int",
                    "printedName": "Swift.Int",
                    "usr": "s:Si"
                  }
                ],
                "declKind": "Accessor",
                "usr": "s:12IScribeAISDK12UploadStatusO9hashValueSivg",
                "mangledName": "$s12IScribeAISDK12UploadStatusO9hashValueSivg",
                "moduleName": "IScribeAISDK",
                "implicit": true,
                "accessorKind": "get"
              }
            ]
          },
          {
            "kind": "Function",
            "name": "hash",
            "printedName": "hash(into:)",
            "children": [
              {
                "kind": "TypeNominal",
                "name": "Void",
                "printedName": "()"
              },
              {
                "kind": "TypeNominal",
                "name": "Hasher",
                "printedName": "Swift.Hasher",
                "paramValueOwnership": "InOut",
                "usr": "s:s6HasherV"
              }
            ],
            "declKind": "Func",
            "usr": "s:12IScribeAISDK12UploadStatusO4hash4intoys6HasherVz_tF",
            "mangledName": "$s12IScribeAISDK12UploadStatusO4hash4intoys6HasherVz_tF",
            "moduleName": "IScribeAISDK",
            "implicit": true,
            "funcSelfKind": "NonMutating"
          }
        ],
        "declKind": "Enum",
        "usr": "s:12IScribeAISDK12UploadStatusO",
        "mangledName": "$s12IScribeAISDK12UploadStatusO",
        "moduleName": "IScribeAISDK",
        "declAttributes": [
          "AccessControl"
        ],
        "conformances": [
          {
            "kind": "Conformance",
            "name": "Equatable",
            "printedName": "Equatable",
            "usr": "s:SQ",
            "mangledName": "$sSQ"
          },
          {
            "kind": "Conformance",
            "name": "Hashable",
            "printedName": "Hashable",
            "usr": "s:SH",
            "mangledName": "$sSH"
          }
        ]
      },
      {
        "kind": "TypeDecl",
        "name": "RecordingSession",
        "printedName": "RecordingSession",
        "children": [
          {
            "kind": "Var",
            "name": "sessionID",
            "printedName": "sessionID",
            "children": [
              {
                "kind": "TypeNominal",
                "name": "String",
                "printedName": "Swift.String",
                "usr": "s:SS"
              }
            ],
            "declKind": "Var",
            "usr": "s:12IScribeAISDK16RecordingSessionV9sessionIDSSvp",
            "mangledName": "$s12IScribeAISDK16RecordingSessionV9sessionIDSSvp",
            "moduleName": "IScribeAISDK",
            "declAttributes": [
              "HasStorage",
              "AccessControl"
            ],
            "isLet": true,
            "hasStorage": true,
            "accessors": [
              {
                "kind": "Accessor",
                "name": "Get",
                "printedName": "Get()",
                "children": [
                  {
                    "kind": "TypeNominal",
                    "name": "String",
                    "printedName": "Swift.String",
                    "usr": "s:SS"
                  }
                ],
                "declKind": "Accessor",
                "usr": "s:12IScribeAISDK16RecordingSessionV9sessionIDSSvg",
                "mangledName": "$s12IScribeAISDK16RecordingSessionV9sessionIDSSvg",
                "moduleName": "IScribeAISDK",
                "implicit": true,
                "accessorKind": "get"
              }
            ]
          },
          {
            "kind": "Var",
            "name": "patientMetadata",
            "printedName": "patientMetadata",
            "children": [
              {
                "kind": "TypeNominal",
                "name": "PatientMetadata",
                "printedName": "IScribeAISDK.PatientMetadata",
                "usr": "s:12IScribeAISDK15PatientMetadataV"
              }
            ],
            "declKind": "Var",
            "usr": "s:12IScribeAISDK16RecordingSessionV15patientMetadataAA07PatientF0Vvp",
            "mangledName": "$s12IScribeAISDK16RecordingSessionV15patientMetadataAA07PatientF0Vvp",
            "moduleName": "IScribeAISDK",
            "declAttributes": [
              "HasStorage",
              "AccessControl"
            ],
            "isLet": true,
            "hasStorage": true,
            "accessors": [
              {
                "kind": "Accessor",
                "name": "Get",
                "printedName": "Get()",
                "children": [
                  {
                    "kind": "TypeNominal",
                    "name": "PatientMetadata",
                    "printedName": "IScribeAISDK.PatientMetadata",
                    "usr": "s:12IScribeAISDK15PatientMetadataV"
                  }
                ],
                "declKind": "Accessor",
                "usr": "s:12IScribeAISDK16RecordingSessionV15patientMetadataAA07PatientF0Vvg",
                "mangledName": "$s12IScribeAISDK16RecordingSessionV15patientMetadataAA07PatientF0Vvg",
                "moduleName": "IScribeAISDK",
                "implicit": true,
                "accessorKind": "get"
              }
            ]
          },
          {
            "kind": "Constructor",
            "name": "init",
            "printedName": "init(from:)",
            "children": [
              {
                "kind": "TypeNominal",
                "name": "RecordingSession",
                "printedName": "IScribeAISDK.RecordingSession",
                "usr": "s:12IScribeAISDK16RecordingSessionV"
              },
              {
                "kind": "TypeNominal",
                "name": "Decoder",
                "printedName": "any Swift.Decoder",
                "usr": "s:s7DecoderP"
              }
            ],
            "declKind": "Constructor",
            "usr": "s:12IScribeAISDK16RecordingSessionV4fromACs7Decoder_p_tKcfc",
            "mangledName": "$s12IScribeAISDK16RecordingSessionV4fromACs7Decoder_p_tKcfc",
            "moduleName": "IScribeAISDK",
            "implicit": true,
            "throwing": true,
            "init_kind": "Designated"
          },
          {
            "kind": "Function",
            "name": "encode",
            "printedName": "encode(to:)",
            "children": [
              {
                "kind": "TypeNominal",
                "name": "Void",
                "printedName": "()"
              },
              {
                "kind": "TypeNominal",
                "name": "Encoder",
                "printedName": "any Swift.Encoder",
                "usr": "s:s7EncoderP"
              }
            ],
            "declKind": "Func",
            "usr": "s:12IScribeAISDK16RecordingSessionV6encode2toys7Encoder_p_tKF",
            "mangledName": "$s12IScribeAISDK16RecordingSessionV6encode2toys7Encoder_p_tKF",
            "moduleName": "IScribeAISDK",
            "implicit": true,
            "throwing": true,
            "funcSelfKind": "NonMutating"
          }
        ],
        "declKind": "Struct",
        "usr": "s:12IScribeAISDK16RecordingSessionV",
        "mangledName": "$s12IScribeAISDK16RecordingSessionV",
        "moduleName": "IScribeAISDK",
        "declAttributes": [
          "AccessControl"
        ],
        "conformances": [
          {
            "kind": "Conformance",
            "name": "Decodable",
            "printedName": "Decodable",
            "usr": "s:Se",
            "mangledName": "$sSe"
          },
          {
            "kind": "Conformance",
            "name": "Encodable",
            "printedName": "Encodable",
            "usr": "s:SE",
            "mangledName": "$sSE"
          }
        ]
      }
    ],
    "json_format_version": 8
  },
  "ConstValues": []
}